{
  "Author": "darkarchon",
  "Name": "Mare Synchronos",
  "Punchline": "Let others see you as you see yourself.",
  "Description": "This plugin will synchronize your Penumbra mods and current Glamourer state with other paired clients automatically.",
  "InternalName": "mareSynchronos",
  "ApplicableVersion": "any",
  "Tags": [
    "customization"
  ],
  "IconUrl": "https://raw.githubusercontent.com/Penumbra-Sync/client/main/MareSynchronos/images/logo.png",
  "RepoUrl": "https://github.com/Penumbra-Sync/client"
}